{"bed_calibration":{ "point_measurements":[["22", "66.5", ["40.16","40.13","40.11","40.10","40.12","40.07","","","","","","","","","",""], "True"], ["76", "66.5", "0", "True"], ["130", "66.5", "0", "True"], ["184", "66.5", "0", "True"], ["22", "114.333333333", "0", "True"], ["76", "114.333333333", "0", "True"], ["130", "114.333333333", "0", "True"], ["184", "114.333333333", "0", "True"], ["22", "162.166666667", "0", "True"], ["76", "162.166666667", "0", "True"], ["130", "162.166666667", "0", "True"], ["184", "162.166666667", "0", "True"], ["22", "210", "0", "True"], ["76", "210", "0", "True"], ["130", "210", "0", "True"], ["184", "210", "0", "True"]]}, "progress" : { "pointsMeasured": 6, "pointsToMeasure": 256},"measurementInformation": { "bedscanGranularity" : 2, "feedrate" : 20, "probesPerPoint" :16, "time_left" : "00:03:51"}}
