{"bed_calibration":{ "point_measurements":[["22", "66.5", ["40.16"], "True"], ["76", "66.5", ["40.05"], "True"], ["130", "66.5", ["39.95"], "True"], ["184", "66.5", ["39.97"], "True"], ["22", "114.333333333", ["40.25"], "True"], ["76", "114.333333333", ["40.16"], "True"], ["130", "114.333333333", ["40.13"], "True"], ["184", "114.333333333", ["40.14"], "True"], ["22", "162.166666667", ["40.17"], "True"], ["76", "162.166666667", ["40.06"], "True"], ["130", "162.166666667", ["40.07"], "True"], ["184", "162.166666667", ["40.16"], "True"], ["22", "210", ["40.28"], "True"], ["76", "210", ["40.19"], "True"], ["130", "210", ["40.23"], "True"], ["184", "210", ["40.40"], "True"]]}, "progress" : { "pointsMeasured": 16, "pointsToMeasure": 16},"measurementInformation": { "bedscanGranularity" : 2, "feedrate" : 200, "probesPerPoint" :1, "time_left" : "00:03:40"}}
